{
  "heart": {
    "all_results": [
      {
        "model_name": "keras_nn",
        "cv_roc_auc": null,
        "test_accuracy": 0.7868852459016393,
        "test_precision": 0.75,
        "test_recall": 0.9090909090909091,
        "test_f1": 0.821917808219178,
        "test_roc_auc": 0.8982683982683983,
        "confusion_matrix": [
          [
            18,
            10
          ],
          [
            3,
            30
          ]
        ]
      }
    ],
    "selected_model": "keras_nn",
    "selected_metrics": {
      "model_name": "keras_nn",
      "cv_roc_auc": null,
      "test_accuracy": 0.7868852459016393,
      "test_precision": 0.75,
      "test_recall": 0.9090909090909091,
      "test_f1": 0.821917808219178,
      "test_roc_auc": 0.8982683982683983,
      "confusion_matrix": [
        [
          18,
          10
        ],
        [
          3,
          30
        ]
      ]
    },
    "means": {
      "age": 54.366336633663366,
      "sex": 0.6831683168316832,
      "cp": 0.966996699669967,
      "trestbps": 131.62376237623764,
      "chol": 246.26402640264027,
      "fbs": 0.1485148514851485,
      "restecg": 0.528052805280528,
      "thalach": 149.64686468646866,
      "exang": 0.32673267326732675,
      "oldpeak": 1.0396039603960396,
      "slope": 1.3993399339933994,
      "ca": 0.7293729372937293,
      "thal": 2.3135313531353137
    },
    "feature_columns": [
      "age",
      "sex",
      "cp",
      "trestbps",
      "chol",
      "fbs",
      "restecg",
      "thalach",
      "exang",
      "oldpeak",
      "slope",
      "ca",
      "thal"
    ],
    "numeric_columns": [
      "age",
      "sex",
      "cp",
      "trestbps",
      "chol",
      "fbs",
      "restecg",
      "thalach",
      "exang",
      "oldpeak",
      "slope",
      "ca",
      "thal"
    ],
    "positive_rate": 0.5445544554455446,
    "keras_status": "available"
  },
  "diabetes": {
    "all_results": [
      {
        "model_name": "logreg",
        "cv_roc_auc": 0.8408125,
        "test_accuracy": 0.7402597402597403,
        "test_precision": 0.6129032258064516,
        "test_recall": 0.7037037037037037,
        "test_f1": 0.6551724137931034,
        "test_roc_auc": 0.8203703703703704,
        "confusion_matrix": [
          [
            76,
            24
          ],
          [
            16,
            38
          ]
        ]
      },
      {
        "model_name": "rf",
        "cv_roc_auc": 0.90003125,
        "test_accuracy": 0.7337662337662337,
        "test_precision": 0.6031746031746031,
        "test_recall": 0.7037037037037037,
        "test_f1": 0.6495726495726496,
        "test_roc_auc": 0.8148148148148149,
        "confusion_matrix": [
          [
            75,
            25
          ],
          [
            16,
            38
          ]
        ]
      },
      {
        "model_name": "xgb",
        "cv_roc_auc": 0.875375,
        "test_accuracy": 0.7207792207792207,
        "test_precision": 0.5873015873015873,
        "test_recall": 0.6851851851851852,
        "test_f1": 0.6324786324786325,
        "test_roc_auc": 0.8231481481481482,
        "confusion_matrix": [
          [
            74,
            26
          ],
          [
            17,
            37
          ]
        ]
      },
      {
        "model_name": "ensemble_voting",
        "cv_roc_auc": 0.8855000000000001,
        "test_accuracy": 0.7532467532467533,
        "test_precision": 0.6333333333333333,
        "test_recall": 0.7037037037037037,
        "test_f1": 0.6666666666666666,
        "test_roc_auc": 0.8301851851851851,
        "confusion_matrix": [
          [
            78,
            22
          ],
          [
            16,
            38
          ]
        ]
      },
      {
        "model_name": "keras_nn",
        "cv_roc_auc": null,
        "test_accuracy": 0.7077922077922078,
        "test_precision": 0.5849056603773585,
        "test_recall": 0.5740740740740741,
        "test_f1": 0.5794392523364486,
        "test_roc_auc": 0.8009259259259259,
        "confusion_matrix": [
          [
            78,
            22
          ],
          [
            23,
            31
          ]
        ]
      }
    ],
    "selected_model": "ensemble_voting",
    "selected_metrics": {
      "model_name": "ensemble_voting",
      "cv_roc_auc": 0.8855000000000001,
      "test_accuracy": 0.7532467532467533,
      "test_precision": 0.6333333333333333,
      "test_recall": 0.7037037037037037,
      "test_f1": 0.6666666666666666,
      "test_roc_auc": 0.8301851851851851,
      "confusion_matrix": [
        [
          78,
          22
        ],
        [
          16,
          38
        ]
      ]
    },
    "means": {
      "Pregnancies": 3.8450520833333335,
      "Glucose": 120.89453125,
      "BloodPressure": 69.10546875,
      "SkinThickness": 20.536458333333332,
      "Insulin": 79.79947916666667,
      "BMI": 31.992578124999998,
      "DiabetesPedigreeFunction": 0.47187630208333325,
      "Age": 33.240885416666664
    },
    "feature_columns": [
      "Pregnancies",
      "Glucose",
      "BloodPressure",
      "SkinThickness",
      "Insulin",
      "BMI",
      "DiabetesPedigreeFunction",
      "Age"
    ],
    "numeric_columns": [
      "Pregnancies",
      "Glucose",
      "BloodPressure",
      "SkinThickness",
      "Insulin",
      "BMI",
      "DiabetesPedigreeFunction",
      "Age"
    ],
    "positive_rate": 0.3489583333333333,
    "keras_status": "available"
  },
  "kidney": {
    "all_results": [
      {
        "model_name": "logreg",
        "cv_roc_auc": 1.0,
        "test_accuracy": 0.9875,
        "test_precision": 1.0,
        "test_recall": 0.98,
        "test_f1": 0.98989898989899,
        "test_roc_auc": 0.9993333333333333,
        "confusion_matrix": [
          [
            30,
            0
          ],
          [
            1,
            49
          ]
        ]
      },
      {
        "model_name": "rf",
        "cv_roc_auc": 1.0,
        "test_accuracy": 1.0,
        "test_precision": 1.0,
        "test_recall": 1.0,
        "test_f1": 1.0,
        "test_roc_auc": 0.9999999999999999,
        "confusion_matrix": [
          [
            30,
            0
          ],
          [
            0,
            50
          ]
        ]
      },
      {
        "model_name": "xgb",
        "cv_roc_auc": 0.99925,
        "test_accuracy": 1.0,
        "test_precision": 1.0,
        "test_recall": 1.0,
        "test_f1": 1.0,
        "test_roc_auc": 1.0,
        "confusion_matrix": [
          [
            30,
            0
          ],
          [
            0,
            50
          ]
        ]
      },
      {
        "model_name": "ensemble_voting",
        "cv_roc_auc": 1.0,
        "test_accuracy": 1.0,
        "test_precision": 1.0,
        "test_recall": 1.0,
        "test_f1": 1.0,
        "test_roc_auc": 1.0,
        "confusion_matrix": [
          [
            30,
            0
          ],
          [
            0,
            50
          ]
        ]
      },
      {
        "model_name": "keras_nn",
        "cv_roc_auc": null,
        "test_accuracy": 0.9875,
        "test_precision": 1.0,
        "test_recall": 0.98,
        "test_f1": 0.98989898989899,
        "test_roc_auc": 0.9993333333333333,
        "confusion_matrix": [
          [
            30,
            0
          ],
          [
            1,
            49
          ]
        ]
      }
    ],
    "selected_model": "xgb",
    "selected_metrics": {
      "model_name": "xgb",
      "cv_roc_auc": 0.99925,
      "test_accuracy": 1.0,
      "test_precision": 1.0,
      "test_recall": 1.0,
      "test_f1": 1.0,
      "test_roc_auc": 1.0,
      "confusion_matrix": [
        [
          30,
          0
        ],
        [
          0,
          50
        ]
      ]
    },
    "means": {
      "age": 51.48337595907928,
      "bp": 76.46907216494846,
      "sg": 1.0174079320113314,
      "al": 1.0169491525423728,